Age,Seniority,Orders,Items,AverageDiscount,TopCategory,BrowsingTime,EmailsOpened,SupportInteractions,TotalCart
21,0,2,6,0.12,Beauty & Personal Care,26.266632370328,0,2,14.34
24,1,4,6,0.8,Home & Kitchen,29.423087938455517,0,0,21.36
26,3,3,8,0.12,"Clothing,Shoes & Jewelry",348.0428813409821,2,2,67.88
20,0,4,5,0.78,Home & Kitchen,396.084595634122,0,2,73.95
22,0,0,4,0.79,Toys & Games,255.9689967848054,3,3,0.0
28,0,2,4,0.56,"Clothing,Shoes & Jewelry",75.67853182585242,2,0,25.94
18,1,4,7,0.66,"Health, Household & Baby Care",171.28774623458818,1,1,38.75
22,0,4,3,0.37,Beauty & Personal Care,81.14589628767528,0,2,29.2
26,0,1,5,0.65,"Clothing,Shoes & Jewelry",1.5599175437221742,1,0,9.86
23,0,4,7,0.51,"Clothing,Shoes & Jewelry",156.94438848860528,1,1,40.14
20,0,4,5,0.55,"Clothing,Shoes & Jewelry",121.20293887082728,0,1,32.03
23,2,2,4,0.76,"Clothing,Shoes & Jewelry",148.79601568469576,1,0,32.04
17,3,1,4,0.7,"Health, Household & Baby Care",220.19948405699625,1,2,35.83
18,0,0,2,0.76,Beauty & Personal Care,67.82408913691621,0,1,0.0
22,0,3,5,0.31,Home & Kitchen,101.16528387865908,0,1,28.2
23,1,0,6,0.61,"Clothing,Shoes & Jewelry",309.5368442953366,1,1,0.0
31,0,2,1,0.36,Beauty & Personal Care,123.79329152685136,1,2,36.77
29,1,1,4,0.13,Home & Kitchen,217.9151672068228,0,1,44.7
31,2,1,6,0.05,Beauty & Personal Care,70.75643806456284,2,0,25.53
20,0,2,8,0.59,Beauty & Personal Care,371.8247266321055,4,0,66.81
27,1,3,7,0.33,Electronics,4.251803899927427,1,0,16.91
21,1,0,7,0.29,"Health, Household & Baby Care",53.15850530704247,2,2,0.0
29,0,0,2,0.04,Beauty & Personal Care,1.6517667627917452,0,2,0.0
29,0,4,6,0.42,Beauty & Personal Care,32.84156830541759,1,0,27.38
34,0,0,1,0.22,Beauty & Personal Care,272.9576651974792,1,0,0.0
16,0,3,8,0.35,"Health, Household & Baby Care",34.39851725745991,2,1,14.57
26,0,3,6,0.32,Toys & Games,334.7880706503635,0,1,65.81
27,1,4,3,0.09,"Clothing,Shoes & Jewelry",38.54896942664948,1,2,25.29
30,0,3,6,0.12,Electronics,5.510177589451665,0,0,19.25
28,2,3,3,0.39,Toys & Games,51.570094431548675,0,1,24.16
28,0,4,4,0.57,Toys & Games,48.332725736411284,1,0,27.53
14,1,3,3,0.57,Pet Supplies,29.698868746677825,0,1,11.09
26,0,3,2,0.32,Beauty & Personal Care,167.35639542268456,2,1,42.88
34,0,4,10,0.69,"Health, Household & Baby Care",15.022919186237694,0,0,27.04
24,0,5,5,0.6,Beauty & Personal Care,6.0037585223893615,1,1,22.69
30,2,3,3,0.71,"Clothing,Shoes & Jewelry",139.05674783164747,0,0,38.38
21,1,1,7,0.48,Toys & Games,43.623223065717966,0,1,12.05
25,0,4,9,0.56,Home & Kitchen,239.54862310523436,0,1,54.19
18,0,4,6,0.8,Beauty & Personal Care,68.41926718242888,3,1,25.41
25,0,1,4,0.22,Beauty & Personal Care,16.145946887690144,1,0,12.91
30,1,3,6,0.36,Sports & outdoors,35.71421607060576,3,1,25.33
23,1,1,2,0.03,Toys & Games,165.8044078696564,0,0,31.78
27,2,4,6,0.06,Electronics,168.8429259811527,0,1,44.07
24,1,6,3,0.11,"Clothing,Shoes & Jewelry",34.443112833776304,1,1,28.27
26,0,1,2,0.14,Toys & Games,110.11460732086202,1,0,26.4
21,0,1,7,0.01,"Clothing,Shoes & Jewelry",6.498582742268815,1,1,7.22
26,1,1,8,0.29,"Clothing,Shoes & Jewelry",89.82697301429477,2,0,23.4
22,1,1,4,0.61,Toys & Games,17.360870309783888,0,3,9.07
24,0,7,3,0.23,Electronics,18.180814911917714,1,0,29.02
32,1,3,7,0.16,Beauty & Personal Care,171.75372606166346,3,0,48.16
32,1,1,4,0.59,Beauty & Personal Care,23.321317329473906,1,1,18.97
13,1,3,6,0.62,"Clothing,Shoes & Jewelry",31.011436102551336,1,1,10.4
27,1,3,6,0.34,Toys & Games,271.5064518364756,0,2,56.91
40,1,0,4,0.41,Home & Kitchen,60.64943224198204,0,2,0.0
33,3,6,3,0.63,"Clothing,Shoes & Jewelry",95.92039062644423,2,0,43.79
34,1,0,7,0.66,Electronics,33.39497092233572,0,0,0.0
16,1,2,2,0.29,Beauty & Personal Care,211.1496087685,0,3,38.06
34,0,5,2,0.31,"Clothing,Shoes & Jewelry",77.86093363766847,2,1,39.96
19,0,5,3,0.47,"Health, Household & Baby Care",181.76561598020538,3,1,45.27
19,0,6,8,0.3,"Health, Household & Baby Care",35.858564147143305,1,0,25.46
15,0,0,7,0.71,Electronics,99.86741342041444,0,2,0.0
23,1,2,4,0.44,Home & Kitchen,178.8106521773657,0,3,37.54
28,0,2,5,0.33,"Health, Household & Baby Care",50.57945921031099,1,1,22.51
22,0,3,7,0.19,Toys & Games,6.733496470248437,1,1,14.1
20,1,1,7,0.1,Beauty & Personal Care,80.32701435836715,0,0,18.12
28,0,1,5,0.54,Home & Kitchen,65.65096346981693,0,2,21.45
29,0,5,10,0.41,Toys & Games,87.08018040775715,1,2,37.53
23,1,4,2,0.46,Home & Kitchen,212.56720847674677,2,0,49.02
25,1,1,3,0.7,Beauty & Personal Care,77.73982945509954,1,0,21.69
38,0,2,5,0.46,Toys & Games,38.209929048452686,2,0,28.01
23,1,4,5,0.69,"Clothing,Shoes & Jewelry",145.9769055277871,0,1,37.66
21,1,2,5,0.52,"Clothing,Shoes & Jewelry",201.80121477104635,3,1,39.93
31,1,2,6,0.13,Beauty & Personal Care,16.50778205532017,0,2,20.07
21,0,1,11,0.29,Toys & Games,181.6728407806618,0,0,33.02
23,0,2,7,0.26,Beauty & Personal Care,95.44212703035448,3,0,27.24
20,1,0,10,0.78,Electronics,17.05662942700934,3,2,0.0
39,0,1,7,0.3,Beauty & Personal Care,50.99025260778515,0,1,28.36
25,1,4,8,0.22,"Clothing,Shoes & Jewelry",134.86533482963898,1,1,38.13
25,1,4,7,0.52,Sports & outdoors,236.57585023600683,0,0,53.17
30,1,5,2,0.79,Beauty & Personal Care,7.431320063692254,1,0,26.85
34,0,3,3,0.02,Home & Kitchen,466.8449951667094,0,1,92.11
26,1,5,5,0.16,"Health, Household & Baby Care",334.98045123103316,0,0,71.82
30,0,1,5,0.09,Toys & Games,1.7319866810618127,1,2,13.5
22,1,4,8,0.41,"Clothing,Shoes & Jewelry",46.18357583164724,3,3,23.72
23,0,5,5,0.31,Home & Kitchen,145.6180465913105,0,1,41.62
24,0,4,3,0.19,"Clothing,Shoes & Jewelry",380.3803825351603,3,1,75.34
21,0,4,6,0.78,"Health, Household & Baby Care",23.403496044423665,0,1,18.61
33,0,3,8,0.6,Electronics,13.621529944398507,0,1,22.75
20,0,4,6,0.78,"Clothing,Shoes & Jewelry",53.4053152883165,0,1,21.81
28,2,3,5,0.8,Sports & outdoors,18.38867696094961,0,2,19.58
31,0,2,3,0.06,Pet Supplies,18.681292198952207,0,1,19.64
15,0,1,6,0.14,Beauty & Personal Care,38.440218607348925,0,0,8.36
18,0,4,5,0.12,Sports & outdoors,183.27272117914876,3,1,41.82
28,1,4,5,0.3,"Clothing,Shoes & Jewelry",141.4227592931065,0,1,40.84
27,0,2,4,0.04,Electronics,81.88967635763919,0,1,25.6
19,0,2,5,0.67,"Health, Household & Baby Care",256.3506289573779,0,0,45.92
26,0,1,8,0.79,"Clothing,Shoes & Jewelry",83.03997705889314,2,2,22.83
19,0,5,3,0.69,Home & Kitchen,111.76886768945137,2,2,34.45
22,1,2,7,0.08,"Clothing,Shoes & Jewelry",18.66335776146472,0,2,12.17
23,0,7,7,0.69,Toys & Games,73.89135517925871,1,2,36.92
17,0,4,4,0.5,"Clothing,Shoes & Jewelry",151.10944595191174,0,0,34.12
11,2,1,11,0.12,"Clothing,Shoes & Jewelry",0.932988989238629,2,1,0.0
29,0,2,5,0.48,Toys & Games,333.0944541390173,1,0,65.04
29,0,4,2,0.15,Home & Kitchen,13.273787986072183,1,3,24.02
27,0,0,3,0.31,Home & Kitchen,160.62617938657993,2,0,0.0
17,0,2,5,0.46,Beauty & Personal Care,22.365737533116096,1,0,10.78
20,0,2,3,0.45,"Clothing,Shoes & Jewelry",180.91206245040954,1,5,36.04
22,1,6,8,0.72,"Clothing,Shoes & Jewelry",311.22998695728035,0,2,67.88
14,0,3,1,0.12,Toys & Games,128.90763901736955,2,0,26.66
16,0,2,1,0.44,Home & Kitchen,238.09135647185803,2,0,41.89
24,0,2,4,0.3,Home & Kitchen,219.60914166593744,0,2,44.6
21,1,1,8,0.51,"Clothing,Shoes & Jewelry",24.582794245249968,2,1,9.95
23,0,0,6,0.63,Beauty & Personal Care,12.883951318026702,0,3,0.0
22,0,0,12,0.04,Toys & Games,25.64500187250948,0,0,0.0
23,0,1,5,0.05,"Clothing,Shoes & Jewelry",449.9332730563518,3,1,76.09
26,0,4,6,0.58,Beauty & Personal Care,196.64512006489224,0,1,49.36
29,0,1,5,0.35,Toys & Games,169.86923226254433,1,1,37.74
27,0,5,7,0.45,Home & Kitchen,130.4560252478183,0,1,42.33
27,0,1,7,0.28,Beauty & Personal Care,231.35648800384052,2,3,47.62
23,1,2,4,0.06,Toys & Games,108.90420995823038,1,0,26.72
31,1,1,3,0.35,Beauty & Personal Care,35.03142667167746,2,0,20.34
26,0,3,4,0.56,Home & Kitchen,143.61162999971077,2,1,38.38
21,2,3,5,0.66,Electronics,22.327064757686227,2,1,15.29
25,1,1,4,0.77,Beauty & Personal Care,8.019753323452044,3,1,12.27
26,0,2,7,0.46,Electronics,36.13828188098252,0,1,17.91
13,0,1,6,0.14,Toys & Games,35.744311785293576,0,2,5.4
26,0,1,7,0.75,Beauty & Personal Care,65.56886157019326,2,4,22.01
17,0,0,5,0.4,Beauty & Personal Care,466.4072489295012,2,2,0.0
25,0,3,6,0.21,Toys & Games,307.6677336531897,0,0,60.87
27,1,0,3,0.53,Home & Kitchen,236.54256064302194,0,0,0.0
23,1,4,10,0.69,Home & Kitchen,52.35454348888714,1,1,24.74
29,1,3,7,0.11,Toys & Games,83.72113353651473,0,0,30.02
23,0,3,3,0.45,Office Supplies,208.42651314186196,1,2,44.77
24,0,3,3,0.39,"Clothing,Shoes & Jewelry",138.52020370992685,4,1,36.45
25,0,5,5,0.31,"Clothing,Shoes & Jewelry",18.75897764742304,0,1,23.49
26,2,4,5,0.77,"Clothing,Shoes & Jewelry",67.29874852997777,0,1,27.78
36,0,5,5,0.78,"Clothing,Shoes & Jewelry",275.6030324346214,1,0,70.42
26,2,2,8,0.04,Home & Kitchen,43.67059065445585,3,2,20.6
31,2,2,5,0.15,Beauty & Personal Care,66.76293333366611,0,0,26.99
25,1,5,4,0.18,Home & Kitchen,265.23511759620607,2,2,61.83
31,1,3,5,0.37,"Health, Household & Baby Care",1.6085529561051564,1,1,20.1
23,1,3,7,0.45,"Health, Household & Baby Care",217.9864732352118,0,2,46.27
26,0,4,2,0.41,Electronics,29.267324179927613,2,2,23.86
22,2,3,4,0.4,"Health, Household & Baby Care",41.44799230119763,1,1,19.01
27,0,1,1,0.11,Beauty & Personal Care,16.352370912006563,0,2,14.28
28,0,4,7,0.14,Electronics,129.58696338679104,0,3,39.82
26,1,1,2,0.62,Beauty & Personal Care,8.661763556034048,2,0,12.54
22,0,2,3,0.6,Beauty & Personal Care,48.23313134042503,0,0,17.89
23,0,4,6,0.35,Home & Kitchen,23.820681980758614,0,2,20.5
26,0,3,2,0.7,Beauty & Personal Care,59.71702958255259,1,0,26.02
29,2,0,11,0.26,Electronics,47.983871213504365,0,1,0.0
18,2,3,4,0.49,Beauty & Personal Care,42.26002962624086,4,1,18.39
30,1,1,7,0.47,Sports & outdoors,110.98655599115223,0,1,29.25
33,2,3,2,0.31,Beauty & Personal Care,57.857243258017554,1,2,30.81
25,0,1,4,0.61,"Clothing,Shoes & Jewelry",432.20188336702284,1,0,73.7
30,0,4,6,0.55,Toys & Games,47.60537327471207,3,0,29.86
24,1,1,3,0.27,"Clothing,Shoes & Jewelry",30.734635076009535,0,0,12.07
25,1,0,3,0.04,Home & Kitchen,286.6059093457065,0,1,0.0
22,0,1,3,0.5,Home & Kitchen,129.56541577404224,1,0,26.67
28,1,3,2,0.49,Home & Kitchen,158.30240286850466,0,1,40.87
15,0,4,5,0.49,"Clothing,Shoes & Jewelry",71.58721274674657,2,0,21.61
28,0,3,4,0.18,"Clothing,Shoes & Jewelry",23.1007596384109,1,2,21.01
34,2,5,8,0.05,"Health, Household & Baby Care",103.25229202649493,0,2,43.14
29,2,2,3,0.55,Toys & Games,194.15937689130482,2,1,44.15
27,2,1,3,0.53,Toys & Games,126.63657167598068,0,1,28.62
18,0,3,9,0.64,Beauty & Personal Care,26.712958953440193,1,2,15.49
20,1,3,2,0.24,"Clothing,Shoes & Jewelry",7.754630366309595,1,1,12.21
15,1,3,3,0.68,"Clothing,Shoes & Jewelry",147.61652603496142,1,0,29.18
30,1,3,7,0.31,Beauty & Personal Care,25.037184521072486,1,0,23.71
25,0,2,5,0.25,"Clothing,Shoes & Jewelry",7.912496098560466,1,1,13.33
31,1,5,5,0.43,Toys & Games,176.64437914404792,1,0,51.79
24,0,3,9,0.43,Beauty & Personal Care,52.93448631093117,2,2,24.44
27,2,4,4,0.38,"Health, Household & Baby Care",70.04897276316692,2,3,30.8
23,0,1,4,0.47,Home & Kitchen,43.75799927172798,1,1,14.73
30,0,2,6,0.51,"Clothing,Shoes & Jewelry",13.196410076373327,1,2,17.96
27,1,2,8,0.7,"Health, Household & Baby Care",46.32765940551468,1,1,20.76
21,1,3,8,0.65,Electronics,64.36327998552859,1,0,21.35
26,1,2,3,0.56,Toys & Games,2.1839418173357035,2,2,13.55
24,1,4,6,0.14,"Clothing,Shoes & Jewelry",30.062001580955872,0,1,21.2
25,1,2,6,0.76,Beauty & Personal Care,208.14062092512845,0,0,43.83
16,0,2,11,0.38,"Clothing,Shoes & Jewelry",24.917419417459623,0,2,8.88
28,3,2,7,0.52,Electronics,1.0159138524094171,0,1,13.22
23,2,2,11,0.34,Beauty & Personal Care,149.24703761432227,3,0,34.74
27,0,3,6,0.68,"Health, Household & Baby Care",66.0300784980466,0,1,26.54
22,2,3,5,0.74,"Clothing,Shoes & Jewelry",16.212438079183663,1,1,14.58
16,1,1,6,0.31,"Health, Household & Baby Care",138.27838470304036,0,0,22.79
27,0,4,4,0.67,"Clothing,Shoes & Jewelry",122.8833996473788,2,0,38.23
27,0,3,6,0.72,"Clothing,Shoes & Jewelry",68.64598561015751,3,2,27.86
27,1,3,4,0.72,Home & Kitchen,42.58521058103035,1,1,23.17
13,0,3,7,0.38,Home & Kitchen,131.8722963560923,1,0,26.36
28,0,5,2,0.37,Toys & Games,76.15916744051528,1,0,34.74
31,2,2,6,0.78,Toys & Games,409.0000177234628,2,1,77.85
30,1,1,5,0.42,Electronics,9.046405421343998,3,1,14.87
26,1,5,4,0.08,"Clothing,Shoes & Jewelry",233.96583828226588,1,1,56.72
29,0,4,8,0.54,"Health, Household & Baby Care",20.32905489536785,1,1,24.71
27,1,4,9,0.64,Beauty & Personal Care,51.47504486410709,1,0,28.36
27,0,1,5,0.52,Toys & Games,20.082527344334686,1,3,14.02
30,0,1,1,0.09,"Clothing,Shoes & Jewelry",115.93414477397211,0,0,29.67
29,2,3,4,0.11,Toys & Games,40.82755745367534,2,0,24.14
27,0,5,3,0.51,Beauty & Personal Care,76.10485717218195,1,1,35.45
28,0,4,5,0.16,"Clothing,Shoes & Jewelry",297.3993972066878,0,2,64.73
17,0,0,12,0.78,Toys & Games,33.27098814291022,0,0,0.0
29,1,2,1,0.31,Home & Kitchen,1.4825744068540025,2,2,16.19
28,1,2,1,0.5,"Health, Household & Baby Care",28.667027182895655,0,1,18.36
23,1,2,3,0.67,Beauty & Personal Care,28.419495814513194,1,1,15.95
37,0,1,9,0.11,Toys & Games,72.1519504164707,0,1,28.77
26,2,2,4,0.02,Beauty & Personal Care,219.99392210503103,1,0,46.7
27,1,3,4,0.49,Electronics,52.8195558182041,0,0,23.65
22,1,3,4,0.62,Home & Kitchen,16.001056835043624,1,1,15.47
19,1,4,6,0.42,Toys & Games,124.6664352293713,4,3,33.81
30,1,0,3,0.28,Toys & Games,97.74446171270552,0,1,0.0
28,0,1,5,0.06,"Clothing,Shoes & Jewelry",34.826978379245595,0,0,16.07
18,0,2,5,0.8,"Clothing,Shoes & Jewelry",83.68087761412613,0,1,18.83
24,1,4,11,0.52,"Clothing,Shoes & Jewelry",75.69153069281074,1,3,28.76
27,2,4,3,0.13,"Clothing,Shoes & Jewelry",138.6578131048116,4,0,41.05
22,1,2,8,0.55,"Clothing,Shoes & Jewelry",8.198990405758895,2,0,11.08
21,3,4,4,0.08,Home & Kitchen,291.5652645329822,0,1,58.16
19,0,2,8,0.23,Home & Kitchen,91.77472479964824,1,3,22.36
33,2,4,8,0.63,Beauty & Personal Care,40.612515541072405,0,1,30.62
27,0,3,8,0.53,Sports & outdoors,531.2878608950421,2,0,97.09
24,0,4,5,0.35,"Clothing,Shoes & Jewelry",8.420037692599513,2,0,18.93
14,2,1,4,0.45,Beauty & Personal Care,342.3853992554388,0,2,52.78
31,1,6,5,0.41,"Clothing,Shoes & Jewelry",4.452440433010413,1,0,28.81
27,1,3,13,0.15,Toys & Games,107.23484456423728,2,0,33.03
25,0,1,8,0.73,Toys & Games,38.862853212803905,2,1,15.47
22,1,6,7,0.0,"Clothing,Shoes & Jewelry",67.84341597109879,0,1,31.42
34,1,2,3,0.21,Beauty & Personal Care,43.39805273194955,1,0,26.43
33,0,4,7,0.26,Toys & Games,47.56288201921946,0,0,30.85
16,0,0,4,0.68,"Health, Household & Baby Care",132.40455646534159,0,2,0.0
23,0,3,5,0.4,Toys & Games,60.307796432358096,2,0,23.09
27,0,4,2,0.79,"Clothing,Shoes & Jewelry",96.75075497078181,2,0,34.25
24,0,1,6,0.09,Home & Kitchen,104.99451191426081,3,1,25.71
21,0,4,6,0.15,Electronics,65.42925963109302,0,0,24.48
22,0,1,2,0.57,"Clothing,Shoes & Jewelry",114.7495047160825,0,1,23.51
31,0,3,2,0.75,"Health, Household & Baby Care",155.1650876917952,0,2,42.98
21,0,4,6,0.01,Beauty & Personal Care,14.652080909684434,1,0,18.78
22,0,0,8,0.13,Beauty & Personal Care,212.5804316566015,0,0,0.0
28,1,1,2,0.13,Beauty & Personal Care,120.91917815130688,1,0,30.57
22,0,2,7,0.51,Home & Kitchen,127.9393787806512,2,1,30.09
20,2,1,3,0.35,Toys & Games,167.44013732846153,2,1,30.45
19,1,3,9,0.24,Sports & outdoors,118.75503705706095,2,0,29.01
26,1,2,6,0.08,"Clothing,Shoes & Jewelry",55.27455310453868,0,0,20.35
23,0,3,6,0.4,Beauty & Personal Care,4.807649981470654,0,1,15.38
21,0,4,7,0.24,"Clothing,Shoes & Jewelry",3.8568540083960654,0,2,15.45
34,0,5,8,0.68,"Clothing,Shoes & Jewelry",62.42759255808001,0,1,36.72
27,3,5,4,0.4,Beauty & Personal Care,39.73713716782676,2,0,29.44
16,1,5,5,0.11,"Health, Household & Baby Care",155.59770187485887,0,0,37.43
16,0,1,3,0.39,Toys & Games,57.654901789837155,0,0,10.52
25,0,1,15,0.23,Toys & Games,28.96990295960325,2,0,14.09
23,0,1,5,0.64,"Clothing,Shoes & Jewelry",17.880916746572776,0,3,10.06
24,0,4,5,0.44,"Clothing,Shoes & Jewelry",50.1053295765992,3,1,25.75
27,0,3,10,0.78,Electronics,241.91980370891054,2,2,53.52
25,0,1,6,0.08,"Clothing,Shoes & Jewelry",20.851909856032417,1,0,12.19
25,1,4,6,0.51,"Clothing,Shoes & Jewelry",98.04907547605158,0,1,32.04
32,1,1,4,0.67,Electronics,50.18674216543143,3,0,22.3
26,2,4,2,0.27,"Clothing,Shoes & Jewelry",179.63640275590393,1,1,45.19
21,0,8,4,0.35,"Clothing,Shoes & Jewelry",7.4435511129114715,1,1,28.21
26,0,4,5,0.29,"Clothing,Shoes & Jewelry",96.31285073365255,0,2,33.03
34,2,2,4,0.19,"Health, Household & Baby Care",7.3777001043809145,1,0,19.81
29,0,5,7,0.52,Home & Kitchen,98.00238170007322,2,1,39.84
26,0,3,6,0.14,Home & Kitchen,38.442592726536795,0,1,21.86
29,0,3,7,0.51,Beauty & Personal Care,49.60588566538,1,0,26.89
30,1,1,4,0.21,Toys & Games,115.05480130118185,0,2,29.7
35,2,2,2,0.65,Beauty & Personal Care,346.1553856714091,1,1,72.3
24,0,4,9,0.06,"Clothing,Shoes & Jewelry",93.2359982722102,2,1,31.95
28,3,4,8,0.41,Toys & Games,8.2716803826612,0,0,20.28
24,0,3,9,0.15,"Clothing,Shoes & Jewelry",117.69162791593104,1,1,32.14
22,2,3,8,0.1,"Clothing,Shoes & Jewelry",98.40689080983786,1,1,27.14
32,1,3,4,0.41,Toys & Games,273.68002093649665,0,1,60.78
30,1,1,5,0.74,"Health, Household & Baby Care",202.9372005823058,2,1,43.89
20,1,4,3,0.18,Electronics,82.83580403491213,2,1,27.03
34,2,5,8,0.66,Toys & Games,113.71524488529116,1,2,44.57
26,0,4,5,0.13,Beauty & Personal Care,129.27384722921903,1,0,39.67
23,0,5,5,0.29,Toys & Games,194.8354139256045,4,1,50.36
23,1,4,5,0.49,Toys & Games,45.98230945012107,1,0,23.17
23,0,2,9,0.43,"Health, Household & Baby Care",114.04036286778636,1,3,28.61
25,2,3,7,0.46,Toys & Games,63.22093848476537,2,0,24.44
24,1,1,6,0.19,Home & Kitchen,10.499508644009763,0,0,9.7
25,0,3,4,0.3,Toys & Games,40.204798011494276,2,1,21.74
18,0,4,6,0.13,Home & Kitchen,37.61073751451616,1,2,19.34
24,0,0,7,0.77,Toys & Games,50.720249888162506,3,2,0.0
30,1,2,4,0.06,Toys & Games,52.9347125388638,0,0,23.13
21,1,1,6,0.78,Beauty & Personal Care,5.08097813796643,2,1,8.41
23,1,2,3,0.3,Home & Kitchen,128.3686873060916,2,0,30.45
13,0,1,4,0.6,Beauty & Personal Care,8.971599708590427,1,2,3.02
20,1,3,9,0.3,Toys & Games,64.38481205975835,1,1,20.95
36,1,4,6,0.07,Beauty & Personal Care,101.47722166108683,0,0,42.28
25,1,4,8,0.6,Beauty & Personal Care,94.58754605636742,1,1,33.47
25,0,2,3,0.4,Toys & Games,32.82780621585226,0,2,16.84
19,1,1,7,0.02,Home & Kitchen,155.7036278291524,1,0,28.25
27,2,0,7,0.77,Toys & Games,2.3068733205457996,0,0,0.0
40,1,4,7,0.72,Toys & Games,111.60081612124807,0,0,45.27
14,0,3,5,0.5,"Clothing,Shoes & Jewelry",67.77753847130506,0,0,16.38
28,0,2,6,0.2,"Clothing,Shoes & Jewelry",0.7031437635918139,0,2,14.23
32,0,2,4,0.5,"Health, Household & Baby Care",140.09841217548146,1,1,38.87
27,0,1,2,0.61,Sports & outdoors,206.68114562892816,1,1,41.99
22,0,1,7,0.62,"Health, Household & Baby Care",107.8316194798216,0,1,23.09
22,2,3,9,0.75,Beauty & Personal Care,204.37356004212361,1,3,44.66
28,0,5,5,0.08,Toys & Games,262.79938725148753,0,2,62.71
22,3,5,6,0.18,Beauty & Personal Care,35.25615012425178,0,3,24.67
21,1,2,4,0.23,"Clothing,Shoes & Jewelry",427.3823737798046,0,0,72.34
30,1,2,4,0.24,Beauty & Personal Care,30.879362126026226,1,2,21.86
36,0,2,11,0.78,Home & Kitchen,81.09442898814713,2,0,33.39
29,2,3,3,0.38,Beauty & Personal Care,76.56947956851928,2,0,30.76
22,3,2,6,0.62,Electronics,51.15128877161604,2,0,16.94
28,0,3,6,0.26,Electronics,124.42996560181092,0,1,35.69
21,0,2,7,0.03,Beauty & Personal Care,13.692210280351658,2,1,13.24
25,0,3,5,0.04,"Health, Household & Baby Care",53.32889367951897,0,1,23.31
28,1,1,4,0.26,"Clothing,Shoes & Jewelry",4.2413963356480675,2,1,12.16
31,2,3,2,0.1,Office Supplies,70.56595023189496,1,1,29.43
30,0,3,10,0.0,"Health, Household & Baby Care",130.5641656328154,2,1,39.63
25,0,4,7,0.61,Beauty & Personal Care,165.07386811814192,1,1,44.33
23,0,2,6,0.38,Beauty & Personal Care,204.25402299438235,0,2,42.46
21,0,2,2,0.66,Home & Kitchen,83.45117750736449,4,3,23.74
30,1,3,11,0.16,"Clothing,Shoes & Jewelry",0.14129192788433279,0,0,18.13
18,1,4,8,0.52,Toys & Games,16.594450974511396,2,0,15.5
22,2,3,7,0.07,"Health, Household & Baby Care",19.98355040351318,1,0,15.78
23,1,6,5,0.17,Beauty & Personal Care,90.36196663832928,0,1,36.97
27,1,3,3,0.65,Beauty & Personal Care,72.17122806548714,0,0,27.92
34,0,1,6,0.45,Beauty & Personal Care,43.128798338307355,1,1,23.82
27,0,5,6,0.35,"Health, Household & Baby Care",4.668671784037387,0,1,23.43
25,0,5,2,0.54,Electronics,628.8219022366083,0,2,115.11
38,0,3,7,0.7,Toys & Games,196.5679320607098,2,5,55.47
34,0,0,5,0.18,Electronics,75.04826710546183,0,1,0.0
24,1,1,7,0.72,"Clothing,Shoes & Jewelry",50.32405964347072,1,0,15.38
25,1,2,3,0.53,Home & Kitchen,35.0162091231763,2,0,17.88
32,0,2,6,0.34,"Clothing,Shoes & Jewelry",380.8953535737887,1,1,74.52
27,0,3,5,0.01,"Health, Household & Baby Care",144.39962733835887,1,0,38.78
20,0,1,7,0.13,"Clothing,Shoes & Jewelry",21.980410232348078,0,0,8.16
26,0,3,9,0.29,Beauty & Personal Care,36.96467716993254,0,1,22.54
25,1,1,3,0.46,"Clothing,Shoes & Jewelry",87.27470660854746,1,2,21.99
23,0,1,5,0.55,Beauty & Personal Care,2.952122399730373,1,0,9.35
23,0,5,4,0.52,"Clothing,Shoes & Jewelry",280.15360830388613,1,0,61.42
23,0,3,8,0.43,Home & Kitchen,37.620718499071195,3,1,20.78
26,2,2,2,0.5,Beauty & Personal Care,98.9862697163615,1,1,28.52
19,0,4,2,0.16,Beauty & Personal Care,132.27741406380693,2,1,35.42
29,0,2,4,0.19,"Health, Household & Baby Care",103.26530463935644,2,1,31.64
16,1,3,7,0.18,Electronics,4.878542417362195,1,1,8.95
27,1,2,3,0.68,"Clothing,Shoes & Jewelry",4.506455120310603,2,1,14.31
28,0,3,8,0.59,Toys & Games,37.14513529998133,2,1,23.51
28,1,4,3,0.08,Toys & Games,23.52768767147083,1,2,23.94
24,1,1,5,0.75,"Clothing,Shoes & Jewelry",96.12240805715587,1,0,22.21
28,2,3,1,0.17,Pet Supplies,39.29305391151985,2,0,23.57
34,0,4,7,0.15,Beauty & Personal Care,87.850875014103,0,0,39.03
26,0,2,5,0.26,Beauty & Personal Care,3.978772623404332,0,1,14.54
25,1,4,8,0.24,Home & Kitchen,142.7580645377786,0,0,39.3
25,0,2,7,0.61,Toys & Games,81.44431986545824,0,1,23.98
30,1,3,9,0.65,"Clothing,Shoes & Jewelry",8.40449592820052,1,0,19.64
28,0,2,4,0.37,"Clothing,Shoes & Jewelry",177.9071284864546,2,0,41.33
25,1,5,4,0.7,Home & Kitchen,46.311512472487536,1,0,28.09
34,1,3,5,0.25,Sports & outdoors,70.92130860276956,0,2,32.43
23,2,3,4,0.47,Sports & outdoors,332.4016328743564,1,0,63.17
32,0,6,9,0.35,"Health, Household & Baby Care",39.834332163428456,2,0,36.25
25,0,1,8,0.03,Home & Kitchen,22.46763891530717,1,2,13.37
24,0,6,3,0.42,Home & Kitchen,3.610055494201611,3,2,25.5
27,0,8,11,0.76,"Clothing,Shoes & Jewelry",77.58661928495384,2,0,43.52
30,2,5,7,0.39,Toys & Games,89.63615730232975,0,0,37.28
25,1,5,7,0.17,"Clothing,Shoes & Jewelry",176.3411875603348,1,0,47.2
21,1,3,4,0.43,Beauty & Personal Care,42.171864060307776,0,2,19.3
28,1,6,7,0.58,Beauty & Personal Care,327.69104316726583,1,0,76.53
22,1,6,5,0.6,Beauty & Personal Care,129.25143448507643,1,0,42.23
27,1,4,4,0.43,"Health, Household & Baby Care",83.58967599097865,2,0,32.67
27,0,5,7,0.03,Beauty & Personal Care,11.318383799075608,0,0,25.34
24,1,0,9,0.38,Home & Kitchen,21.13891616410136,0,0,0.0
22,0,1,12,0.64,"Health, Household & Baby Care",131.39451818921356,2,0,27.45
18,0,0,2,0.75,Toys & Games,185.24608987162375,0,0,0.0
27,0,1,3,0.28,Pet Supplies,27.052875978420644,1,1,15.28
17,0,3,4,0.36,"Clothing,Shoes & Jewelry",148.65596019898612,0,0,30.79
26,0,6,3,0.78,Beauty & Personal Care,7.052888387429615,2,1,27.71
34,0,2,4,0.78,"Health, Household & Baby Care",3.5169561451020934,1,2,19.95
31,0,4,6,0.53,"Health, Household & Baby Care",136.6741407162081,2,1,44.08
32,1,1,6,0.66,Beauty & Personal Care,94.81386496081865,1,0,29.56
28,1,4,2,0.37,Beauty & Personal Care,0.4592738100869691,0,1,21.13
20,1,3,6,0.55,"Health, Household & Baby Care",18.229136098289377,1,2,14.46
20,0,3,9,0.32,"Clothing,Shoes & Jewelry",13.141808438151397,1,0,13.25
33,2,5,3,0.27,Toys & Games,5.063084799644339,0,1,26.97
29,1,2,5,0.4,Electronics,63.71755747233479,2,0,24.73
23,1,1,7,0.05,"Clothing,Shoes & Jewelry",13.702077146994052,1,0,9.34
31,1,2,9,0.37,Home & Kitchen,45.20575458502737,0,2,23.45
32,0,3,7,0.12,Beauty & Personal Care,77.0788970046328,1,3,33.82
23,1,3,9,0.6,Toys & Games,53.72919064512064,2,1,21.96
24,0,4,3,0.28,Beauty & Personal Care,78.8731394074039,4,1,32.03
25,0,3,3,0.32,Toys & Games,126.00664167328699,0,1,33.69
22,0,1,3,0.07,Electronics,24.31499213362329,1,2,10.79
24,1,5,3,0.76,"Clothing,Shoes & Jewelry",175.7261959345278,1,2,46.42
30,2,1,10,0.11,"Health, Household & Baby Care",107.7003061326232,0,2,28.82
26,0,3,2,0.37,Beauty & Personal Care,71.91572188670767,2,2,28.7
30,0,2,5,0.58,"Clothing,Shoes & Jewelry",42.62353343833202,1,3,22.49
21,0,0,10,0.38,"Health, Household & Baby Care",8.28156181538124,2,0,0.0
33,3,2,9,0.06,"Health, Household & Baby Care",30.196947533246757,2,1,22.89
26,2,4,3,0.78,Beauty & Personal Care,13.423692156647654,1,2,21.77
21,1,1,5,0.25,Beauty & Personal Care,22.723174372706165,0,0,10.15
22,1,2,0,0.41,Beauty & Personal Care,7.414273479797238,0,1,11.63
25,1,5,5,0.05,Beauty & Personal Care,37.88400095183869,2,1,28.54
29,0,4,6,0.31,Toys & Games,252.23607209276145,1,1,59.13
33,0,3,8,0.74,Beauty & Personal Care,95.30985405042678,1,0,36.69
27,0,4,1,0.5,Beauty & Personal Care,62.86046769453828,1,0,30.29
25,0,6,4,0.57,Beauty & Personal Care,109.80977590689909,1,2,42.15
19,1,3,2,0.36,Beauty & Personal Care,214.41822193841,2,1,44.38
18,2,1,5,0.45,Toys & Games,33.51394955214284,1,1,8.41
33,0,0,7,0.15,Beauty & Personal Care,26.351744821111957,0,1,0.0
20,2,5,4,0.38,"Health, Household & Baby Care",13.730649924606922,0,1,18.9
30,0,3,6,0.23,Pet Supplies,98.89971533980248,0,1,33.91
19,0,3,5,0.01,Beauty & Personal Care,253.65410464823793,1,2,50.41
29,0,1,6,0.35,Sports & outdoors,193.8911430566792,0,1,41.26
19,0,3,4,0.03,"Health, Household & Baby Care",21.182878082760116,0,4,14.43
25,1,3,4,0.46,Home & Kitchen,44.8329269339211,0,0,21.49
32,0,1,6,0.35,Beauty & Personal Care,265.7019711642082,1,1,55.73
35,0,6,7,0.69,"Clothing,Shoes & Jewelry",45.955562344054044,0,2,38.13
21,0,4,10,0.6,Beauty & Personal Care,96.32395244109611,0,1,30.61
28,1,2,6,0.15,Toys & Games,448.19742957767295,0,0,80.92
22,1,2,4,0.37,"Clothing,Shoes & Jewelry",137.8571947626444,3,3,31.42
25,0,3,3,0.58,Beauty & Personal Care,33.84132079256225,1,0,21.44
19,1,2,4,0.58,"Clothing,Shoes & Jewelry",371.8999810907117,2,1,63.46
28,3,1,10,0.26,Home & Kitchen,73.79368068237615,2,2,22.83
31,1,0,10,0.58,"Clothing,Shoes & Jewelry",97.94276687846892,0,1,0.0
27,1,5,6,0.54,Toys & Games,249.86008977753434,2,1,60.35
28,0,0,5,0.22,Toys & Games,101.59876286049872,0,1,0.0
25,0,3,4,0.53,Home & Kitchen,92.08226083127975,1,2,29.61
26,2,3,4,0.06,Home & Kitchen,38.01725066589333,0,1,21.19
33,2,1,5,0.35,Beauty & Personal Care,20.27503753926877,1,3,19.35
26,3,5,7,0.73,Beauty & Personal Care,82.4526002927038,2,1,35.2
23,0,7,3,0.51,Beauty & Personal Care,40.36501650455466,1,0,32.94
36,0,1,4,0.46,"Clothing,Shoes & Jewelry",610.3422018009009,1,0,108.72
23,1,1,4,0.24,Electronics,296.80991553811094,1,0,51.78
32,3,3,9,0.17,Electronics,12.765728553099436,2,1,22.02
31,3,4,4,0.74,"Clothing,Shoes & Jewelry",24.6694359819913,0,0,24.68
32,2,0,5,0.41,"Health, Household & Baby Care",192.58933085752867,1,2,0.0
17,1,3,9,0.6,Home & Kitchen,192.9388000074251,0,0,37.74
21,1,5,2,0.73,Home & Kitchen,6.27333330492738,0,0,18.59
35,1,3,8,0.21,Beauty & Personal Care,228.79366832769554,0,0,57.62
27,0,2,2,0.69,Beauty & Personal Care,143.96580445551524,0,0,35.96
35,0,3,2,0.42,Sports & outdoors,47.828728693615815,1,3,30.52
33,1,2,5,0.18,Beauty & Personal Care,153.955608644666,0,0,41.86
19,0,4,6,0.1,Home & Kitchen,47.99903345012657,1,1,21.5
24,1,1,3,0.25,"Clothing,Shoes & Jewelry",11.97017662121923,0,0,9.26
27,1,1,5,0.09,Beauty & Personal Care,21.04859132745061,1,1,15.05
16,0,2,6,0.02,Toys & Games,174.41135407546574,1,1,31.79
19,1,5,11,0.59,Toys & Games,48.179730976074524,1,0,23.56
28,1,1,6,0.15,Toys & Games,47.86531340670182,3,0,19.22
20,2,3,7,0.6,Beauty & Personal Care,97.38726315329372,2,0,27.13
24,1,7,8,0.08,Beauty & Personal Care,16.751671232406093,0,0,29.6
21,1,5,8,0.55,Beauty & Personal Care,57.19913592187907,1,2,28.03
24,2,2,3,0.64,Toys & Games,124.56916560801818,0,0,28.88
26,0,2,3,0.56,Beauty & Personal Care,6.869601046079306,1,1,15.3
15,1,3,4,0.2,"Clothing,Shoes & Jewelry",444.77139073129484,0,2,73.76
16,0,2,8,0.47,Toys & Games,119.6341219434777,0,0,22.87
28,0,5,9,0.73,"Clothing,Shoes & Jewelry",9.594639967817919,0,5,24.9
32,0,4,8,0.15,"Clothing,Shoes & Jewelry",44.60796503983269,0,0,29.56
18,1,3,7,0.68,"Clothing,Shoes & Jewelry",44.412828925881584,0,3,16.01
31,0,3,3,0.44,Beauty & Personal Care,44.50194215146805,1,0,27.58
24,0,0,8,0.43,Beauty & Personal Care,2.188920471055133,2,0,0.0
17,0,5,4,0.06,Sports & outdoors,6.5701035156649885,0,2,16.37
21,1,4,5,0.59,Beauty & Personal Care,38.19680254582237,0,4,21.97
19,1,5,3,0.12,"Clothing,Shoes & Jewelry",86.92700662641792,1,1,29.39
23,0,1,7,0.7,"Clothing,Shoes & Jewelry",431.0245585592938,2,0,72.49
21,0,3,8,0.05,"Health, Household & Baby Care",3.9109342714891064,0,1,12.94
27,0,1,5,0.58,Home & Kitchen,172.4963647842097,1,1,37.02
28,0,3,9,0.71,"Health, Household & Baby Care",19.9101662275641,0,1,20.41
24,1,2,9,0.73,Toys & Games,78.51385213181145,1,1,22.94
33,0,2,5,0.48,"Health, Household & Baby Care",90.9995948626977,0,1,31.83
26,0,2,5,0.66,Beauty & Personal Care,214.41270251490343,2,1,46.88
15,0,2,8,0.36,Toys & Games,62.031609012392366,1,2,14.26
23,0,5,5,0.53,"Clothing,Shoes & Jewelry",76.29185295712877,0,0,30.4
27,1,2,4,0.05,"Clothing,Shoes & Jewelry",42.66322792647007,1,0,19.64
33,0,1,5,0.34,"Clothing,Shoes & Jewelry",241.87590794696035,1,1,51.4
25,0,2,3,0.44,Beauty & Personal Care,170.4388283888576,2,1,39.57
26,2,1,5,0.47,"Health, Household & Baby Care",8.24664022944735,0,1,10.57
21,0,3,4,0.25,"Clothing,Shoes & Jewelry",171.70864796382827,0,1,37.43
28,0,3,2,0.39,Electronics,246.1598268125998,0,1,53.85
27,1,4,5,0.58,Electronics,29.34001052682433,1,0,23.57
33,0,6,7,0.22,"Clothing,Shoes & Jewelry",133.17167723193072,0,1,49.71
20,0,4,3,0.34,"Clothing,Shoes & Jewelry",28.8521280613501,0,1,18.21
28,0,4,6,0.03,Home & Kitchen,127.46139855772176,1,1,40.19
26,0,1,10,0.6,Electronics,73.6248872159454,2,0,21.28
19,0,2,8,0.27,Beauty & Personal Care,108.24359409799264,0,0,24.82
18,1,2,4,0.23,Toys & Games,59.17378963056478,1,3,15.91
31,0,3,6,0.06,Electronics,91.51105090361837,3,2,34.57
26,2,7,6,0.22,Home & Kitchen,217.08807831713625,1,0,60.33
26,1,3,5,0.7,Toys & Games,110.34562062430818,1,4,32.61
26,0,3,5,0.17,"Health, Household & Baby Care",115.69957041722526,0,2,33.53
27,1,6,5,0.64,Toys & Games,90.70698983109827,2,1,39.43
26,0,3,2,0.39,"Clothing,Shoes & Jewelry",47.83126382281797,1,1,22.98
23,1,4,6,0.4,Toys & Games,181.5229107326005,0,0,43.09
25,3,2,6,0.49,"Clothing,Shoes & Jewelry",71.05955218054885,3,0,22.59
23,1,3,9,0.29,Beauty & Personal Care,67.71351600185159,0,3,24.9
30,0,2,4,0.56,Beauty & Personal Care,367.661568411907,0,1,71.98
29,3,2,6,0.66,Toys & Games,190.48296815819128,1,4,43.31
22,2,2,1,0.45,Home & Kitchen,86.40059801728516,2,1,23.18
26,0,2,4,0.74,"Clothing,Shoes & Jewelry",5.089214923875486,0,1,13.04
25,0,1,5,0.75,Home & Kitchen,325.7427772226187,1,2,58.6
26,0,2,8,0.72,"Clothing,Shoes & Jewelry",74.36560148797649,4,1,25.3
26,1,2,8,0.7,Beauty & Personal Care,93.48852956215,2,0,28.33
32,0,1,5,0.01,Beauty & Personal Care,182.4576832387274,2,0,43.63
27,0,2,3,0.23,Electronics,61.436686417797645,0,2,22.61
39,2,2,5,0.4,"Clothing,Shoes & Jewelry",0.8553749991963335,0,0,21.53
23,1,3,6,0.42,Home & Kitchen,104.90245236825503,2,1,30.09
16,1,5,9,0.8,Beauty & Personal Care,91.18606082871243,2,0,29.47
31,0,3,2,0.31,Beauty & Personal Care,35.74631524334226,0,1,25.99
22,1,2,4,0.5,"Clothing,Shoes & Jewelry",47.79046459318756,0,0,16.07
27,3,4,2,0.14,Home & Kitchen,71.97328169543604,1,1,30.13
24,0,1,3,0.28,Toys & Games,141.2353630715867,1,2,29.84
23,0,0,6,0.07,Sports & outdoors,83.86467457494172,2,0,0.0
31,2,3,2,0.27,Electronics,75.49679416569795,0,1,29.94
29,0,0,4,0.46,Beauty & Personal Care,475.18761578552926,1,0,0.0
28,1,2,6,0.41,Toys & Games,143.62617833502642,0,0,35.15
25,0,0,8,0.48,"Clothing,Shoes & Jewelry",96.55711266538205,0,1,0.0
29,3,4,12,0.55,"Health, Household & Baby Care",45.30408266317086,1,0,27.46
32,1,2,6,0.07,"Health, Household & Baby Care",335.1269937741802,0,1,67.54
25,0,2,4,0.49,"Health, Household & Baby Care",24.5831858220299,1,1,16.3
28,1,7,7,0.5,"Health, Household & Baby Care",482.0653815198754,0,5,102.06
31,0,2,5,0.23,"Health, Household & Baby Care",64.61598596981129,1,2,27.05
29,0,2,12,0.21,"Health, Household & Baby Care",649.4211364865884,1,0,113.08
33,1,0,8,0.59,"Clothing,Shoes & Jewelry",123.47347631661019,0,1,0.0
25,1,5,7,0.17,Beauty & Personal Care,29.685493251265545,1,1,26.85
23,0,0,4,0.46,Beauty & Personal Care,92.50512067361556,1,1,0.0
29,0,3,6,0.07,Toys & Games,46.530213465828616,0,1,24.89
28,1,1,5,0.01,Electronics,7.75540171125609,2,0,12.7
34,1,2,2,0.05,"Clothing,Shoes & Jewelry",24.563190952353054,1,2,22.44
31,0,2,2,0.08,Toys & Games,94.87892198300433,1,1,31.03
27,0,3,6,0.42,"Clothing,Shoes & Jewelry",10.314252785381948,0,0,17.55
33,0,2,3,0.45,Home & Kitchen,13.9458186365354,1,2,20.89
26,1,2,5,0.43,Home & Kitchen,161.74667903205062,0,1,36.95
12,1,4,1,0.3,"Health, Household & Baby Care",114.03103915803926,1,0,25.53
21,0,0,7,0.27,"Clothing,Shoes & Jewelry",337.4497674607661,0,1,0.0
25,1,6,8,0.52,"Clothing,Shoes & Jewelry",152.5131314912681,2,0,46.98
25,0,4,6,0.7,Toys & Games,373.11601065126257,1,0,73.99
22,2,3,4,0.58,"Health, Household & Baby Care",60.904963419958506,0,1,21.42
27,1,2,10,0.07,Sports & outdoors,182.41830694848227,0,1,40.88
29,0,3,7,0.41,Beauty & Personal Care,169.2226808269093,1,1,45.01
34,1,3,3,0.61,"Health, Household & Baby Care",9.57279954491894,1,1,23.45
21,2,3,4,0.39,Toys & Games,2.002829262323817,1,0,11.79
27,1,1,4,0.12,Home & Kitchen,14.68509394239304,1,0,13.02
24,0,1,3,0.8,Toys & Games,6.9926741318273615,2,0,9.7
26,0,2,6,0.39,Home & Kitchen,203.58871474711685,2,0,44.3
19,0,2,7,0.38,Toys & Games,1.5751932226377412,0,2,7.72
26,1,1,3,0.5,"Clothing,Shoes & Jewelry",12.942429564730157,2,0,11.73
28,1,0,4,0.14,"Clothing,Shoes & Jewelry",279.63389084209507,0,0,0.0
22,1,1,6,0.71,Beauty & Personal Care,551.4794677094478,0,0,90.09
22,1,2,5,0.37,Beauty & Personal Care,298.6775939045109,0,2,55.56
18,0,2,4,0.37,Home & Kitchen,358.2125246564402,1,0,61.02
30,0,3,6,0.61,Home & Kitchen,136.97392559342367,0,0,39.35
23,0,3,7,0.64,Toys & Games,37.520773395012355,2,0,19.63
23,0,3,5,0.52,Home & Kitchen,126.85987667073307,1,0,33.04
25,2,5,6,0.69,"Health, Household & Baby Care",188.72934514639167,1,1,49.29
19,0,1,7,0.16,Toys & Games,33.207090144377844,0,0,9.23
21,1,2,8,0.28,"Clothing,Shoes & Jewelry",145.1322349925494,2,1,31.1
24,3,4,9,0.76,Toys & Games,133.5576962362115,1,2,36.73
24,0,0,7,0.47,"Clothing,Shoes & Jewelry",194.78977999117092,2,1,0.0
14,0,1,8,0.52,"Clothing,Shoes & Jewelry",35.1404164531881,1,1,6.13
22,1,1,5,0.38,"Clothing,Shoes & Jewelry",6.335586751359266,1,1,7.5
34,0,2,4,0.66,Home & Kitchen,65.52890335322793,1,0,29.03
31,1,1,2,0.23,"Clothing,Shoes & Jewelry",70.4574165871748,0,1,23.42
18,0,0,1,0.56,Sports & outdoors,146.86699633523958,1,1,0.0
19,0,1,3,0.02,Home & Kitchen,115.10887375173544,2,1,23.0
26,1,4,8,0.37,Beauty & Personal Care,65.2523776358802,1,0,29.74
10,0,4,5,0.3,Toys & Games,94.0385236009794,1,1,21.13
19,2,2,6,0.72,Home & Kitchen,161.625901476312,0,0,31.16
21,1,2,2,0.06,Home & Kitchen,76.5170984370948,0,0,20.33
25,0,3,5,0.38,Beauty & Personal Care,342.1119352733089,0,0,67.32
16,3,2,5,0.39,"Health, Household & Baby Care",37.85721711486892,0,1,10.23
23,2,2,7,0.38,"Clothing,Shoes & Jewelry",10.81307825225256,1,0,11.51
23,0,3,1,0.14,Toys & Games,317.5096412749369,1,0,61.24
23,0,5,4,0.75,"Health, Household & Baby Care",60.114766985718035,1,5,29.65
26,0,1,7,0.11,Toys & Games,157.9424899584277,0,1,33.36
27,1,2,5,0.11,"Clothing,Shoes & Jewelry",34.05785999896252,0,0,17.89
25,0,2,7,0.16,Toys & Games,102.53944437400659,4,1,29.08
17,1,1,2,0.29,Electronics,379.6258010926502,2,2,60.4
23,0,4,5,0.28,"Clothing,Shoes & Jewelry",120.68412300145097,2,0,35.04
25,2,1,5,0.59,Home & Kitchen,108.60162512188361,1,3,25.63
26,1,1,8,0.06,"Clothing,Shoes & Jewelry",17.14657429905224,0,1,11.82
20,2,4,5,0.6,"Clothing,Shoes & Jewelry",98.23396120869693,2,0,28.72
36,0,1,4,0.11,Toys & Games,29.53169996363379,0,1,21.55
36,0,10,6,0.71,"Clothing,Shoes & Jewelry",78.26598129437924,0,0,55.41
34,0,4,6,0.37,Beauty & Personal Care,40.05897954210986,1,2,32.53
32,0,1,7,0.36,Beauty & Personal Care,310.43033553714463,0,1,62.0
29,0,4,4,0.1,"Clothing,Shoes & Jewelry",526.2744705543568,0,0,99.51
26,0,0,3,0.4,"Clothing,Shoes & Jewelry",50.34185690947368,0,0,0.0
24,0,4,3,0.13,"Clothing,Shoes & Jewelry",43.19215656875405,1,1,23.88
16,0,6,6,0.69,"Clothing,Shoes & Jewelry",65.57406222070418,0,0,26.51
18,0,3,4,0.7,Beauty & Personal Care,109.80795715812351,0,0,27.11
37,1,1,3,0.12,Home & Kitchen,812.1559072815817,2,0,140.58
24,0,4,0,0.49,Sports & outdoors,263.42224130393663,2,0,57.55
22,0,1,5,0.34,Electronics,8.437499855824592,1,2,8.36
15,1,2,2,0.61,Toys & Games,37.27135108512763,2,1,10.38
22,1,4,3,0.22,"Health, Household & Baby Care",105.65250718169679,1,0,31.82
28,1,3,4,0.26,Beauty & Personal Care,258.74747145367996,1,1,57.39
24,3,3,3,0.63,Beauty & Personal Care,157.73114623974794,0,0,37.91
24,2,1,5,0.43,"Clothing,Shoes & Jewelry",132.6226188383728,0,1,27.18
30,0,1,5,0.48,"Health, Household & Baby Care",181.8230349566127,4,1,42.0
19,0,4,2,0.23,Toys & Games,37.12234948251542,1,0,19.17
26,1,3,5,0.28,Sports & outdoors,146.61440663001653,0,3,37.92
25,1,1,3,0.62,"Clothing,Shoes & Jewelry",33.12767704751279,1,2,13.82
18,1,2,6,0.6,Office Supplies,22.74088213023873,4,2,11.22
37,1,3,7,0.71,Toys & Games,53.60463598587125,1,2,32.08
23,2,3,4,0.61,Electronics,78.46275632307943,1,0,24.61
20,2,3,4,0.24,Beauty & Personal Care,99.18580395904374,0,1,26.71
29,1,3,5,0.24,"Health, Household & Baby Care",244.8238556183538,1,1,55.12
22,2,3,6,0.31,"Clothing,Shoes & Jewelry",61.89074372499421,1,1,21.57
21,0,4,10,0.73,Beauty & Personal Care,324.2506114346121,1,3,65.51
26,3,4,1,0.26,Beauty & Personal Care,169.38370785139531,0,3,44.69
23,1,4,2,0.2,"Clothing,Shoes & Jewelry",72.97924685785131,0,0,26.66
27,1,5,6,0.28,"Clothing,Shoes & Jewelry",178.70243746895312,1,1,49.15
25,0,5,3,0.33,Toys & Games,114.82799029766005,2,0,38.76
21,1,4,9,0.44,Beauty & Personal Care,13.54185945219737,1,1,18.38
24,0,7,4,0.36,"Clothing,Shoes & Jewelry",155.24835031986643,1,2,49.78
22,1,1,3,0.06,Toys & Games,100.7998000270408,0,1,21.44
25,1,3,2,0.05,"Clothing,Shoes & Jewelry",7.0839326751068015,0,2,15.62
26,1,2,3,0.52,Sports & outdoors,83.99477116971657,0,2,25.28
23,0,2,6,0.42,"Clothing,Shoes & Jewelry",10.278587764215887,1,0,12.0
23,1,1,7,0.49,Beauty & Personal Care,182.3509516939981,1,1,36.15
25,0,1,7,0.35,"Clothing,Shoes & Jewelry",75.21510658520921,0,0,19.83
21,0,2,11,0.58,Toys & Games,257.9068355355293,3,0,48.72
36,0,1,5,0.35,"Clothing,Shoes & Jewelry",35.18646359605627,1,2,22.79
32,0,6,3,0.56,Beauty & Personal Care,193.6141986119262,0,0,59.21
30,2,3,2,0.4,Sports & outdoors,71.62113334043597,0,3,29.29
28,1,3,12,0.01,"Clothing,Shoes & Jewelry",452.40017915050475,0,3,84.98
21,0,4,6,0.14,Beauty & Personal Care,145.70559972522875,1,0,38.4
18,0,2,8,0.49,"Clothing,Shoes & Jewelry",75.01044554148795,2,0,18.42
19,1,4,4,0.01,"Health, Household & Baby Care",102.7195289425054,1,0,29.21
24,2,3,2,0.12,Toys & Games,24.556059792293944,2,1,18.07
20,1,5,5,0.42,"Clothing,Shoes & Jewelry",132.72538731268162,0,3,36.8
31,1,2,8,0.59,"Clothing,Shoes & Jewelry",17.416507419960936,1,0,18.75
27,2,4,6,0.2,Home & Kitchen,274.23398928641853,1,0,60.66
23,2,2,8,0.71,"Clothing,Shoes & Jewelry",0.7904982868931959,0,0,9.47
24,1,5,8,0.76,Beauty & Personal Care,252.35920363543724,0,1,58.89
23,1,0,12,0.28,Home & Kitchen,26.405529088703954,1,2,0.0
23,0,1,8,0.07,"Clothing,Shoes & Jewelry",15.303847937503308,1,2,10.19
17,0,1,7,0.74,"Clothing,Shoes & Jewelry",21.499577954655148,1,3,6.55
30,0,5,10,0.14,"Clothing,Shoes & Jewelry",41.06752728239437,0,2,30.86
20,0,1,8,0.68,"Clothing,Shoes & Jewelry",188.18654736378534,1,1,33.54
16,0,4,4,0.19,"Clothing,Shoes & Jewelry",16.35190925310303,1,2,14.0
21,0,3,6,0.06,"Clothing,Shoes & Jewelry",136.56030451588742,1,0,32.55
24,1,3,5,0.24,"Clothing,Shoes & Jewelry",86.35717310509725,0,0,26.45
26,0,1,9,0.62,"Clothing,Shoes & Jewelry",153.18590853840055,1,2,32.97
18,0,6,3,0.66,"Clothing,Shoes & Jewelry",72.21333269905688,1,0,29.42
11,2,1,8,0.62,Electronics,150.5116090811037,2,2,21.23
26,0,1,10,0.6,"Clothing,Shoes & Jewelry",149.1678833191084,3,0,32.99
25,0,2,3,0.1,"Clothing,Shoes & Jewelry",122.09842446288908,0,1,30.02
33,1,3,7,0.11,"Clothing,Shoes & Jewelry",164.63731578265637,2,3,46.36
22,0,3,6,0.19,Beauty & Personal Care,144.55483707882968,3,1,37.01
31,1,4,3,0.49,"Clothing,Shoes & Jewelry",263.4814256593756,2,1,62.21
28,2,4,6,0.56,"Clothing,Shoes & Jewelry",357.4612902270308,1,0,73.18
22,0,3,5,0.39,"Health, Household & Baby Care",178.13669846381254,2,1,40.58
16,0,3,7,0.49,Beauty & Personal Care,75.6321077116394,1,1,21.2
24,1,1,8,0.74,Toys & Games,90.99583689706472,1,1,21.79
24,1,1,5,0.55,Home & Kitchen,98.9368099830116,1,0,23.29
23,0,5,3,0.7,Home & Kitchen,144.22791087861404,3,2,42.76
14,0,3,6,0.37,Toys & Games,89.55232864114122,0,1,20.0
16,1,3,4,0.44,Beauty & Personal Care,111.97786558586276,0,0,25.72
34,0,3,3,0.27,Electronics,285.5511834207232,1,2,64.91
29,1,3,4,0.18,"Clothing,Shoes & Jewelry",7.599611740467959,2,2,19.59
23,0,5,8,0.53,Beauty & Personal Care,28.61514182189227,1,2,25.55
21,1,5,7,0.47,Beauty & Personal Care,211.59707896730848,0,1,50.6
20,1,1,10,0.08,Home & Kitchen,124.7867243956794,1,2,24.69
29,0,3,4,0.26,Toys & Games,154.79612048636625,1,0,41.34
27,1,1,3,0.45,Home & Kitchen,132.6170890064572,1,0,30.6
32,0,2,8,0.36,Beauty & Personal Care,183.16596475427866,0,1,45.93
29,1,1,9,0.6,"Health, Household & Baby Care",55.7745668798433,2,0,21.02
24,0,6,11,0.7,Toys & Games,133.68540354117235,2,0,43.85
25,0,7,1,0.29,"Clothing,Shoes & Jewelry",359.5619918197961,2,0,81.31
28,1,1,5,0.26,Toys & Games,4.97787565497775,0,0,11.39
22,1,2,1,0.07,Home & Kitchen,150.34667459680276,0,2,32.44
31,0,3,2,0.77,"Clothing,Shoes & Jewelry",76.61159261254204,0,4,30.93
18,3,0,3,0.4,"Clothing,Shoes & Jewelry",11.350478345033482,1,4,0.0
31,1,4,7,0.61,"Clothing,Shoes & Jewelry",9.813499025630422,0,1,23.29
31,1,3,1,0.07,Toys & Games,142.17566677867617,0,1,40.36
30,1,1,7,0.54,"Clothing,Shoes & Jewelry",27.12688054931702,2,0,16.9
27,4,2,5,0.11,Beauty & Personal Care,167.5582961349708,1,1,39.12
20,0,2,7,0.23,"Clothing,Shoes & Jewelry",84.80606854014572,2,1,21.6
29,0,2,6,0.14,Home & Kitchen,70.75929286477007,0,2,26.1
35,0,4,4,0.58,Sports & outdoors,169.26833206104212,0,1,50.96
29,2,2,6,0.52,Electronics,375.7926440143078,2,0,71.22
31,0,1,3,0.67,"Clothing,Shoes & Jewelry",69.56820743345948,3,2,24.97
25,0,3,8,0.27,Toys & Games,246.89836020517612,1,0,52.22
19,0,4,9,0.1,"Health, Household & Baby Care",112.73661855327155,1,1,31.21
21,0,4,4,0.08,"Health, Household & Baby Care",16.030529370515726,0,1,17.69
23,1,4,5,0.73,Toys & Games,18.791027493935882,1,1,19.17
25,1,4,10,0.46,Home & Kitchen,170.05110850450023,1,3,44.26
31,1,2,13,0.42,"Health, Household & Baby Care",91.47590805633416,2,0,30.99
25,0,4,5,0.08,Pet Supplies,184.47459324392872,1,1,46.48
32,0,4,5,0.1,"Clothing,Shoes & Jewelry",151.17722518818965,1,1,46.11
22,0,3,6,0.79,"Health, Household & Baby Care",44.19251428452978,2,1,20.38
25,0,4,5,0.57,Toys & Games,29.356412468913856,2,1,23.05
22,1,1,7,0.01,"Clothing,Shoes & Jewelry",42.28712103463589,1,0,12.89
15,0,2,6,0.1,Sports & outdoors,45.58371155409986,1,0,11.89
24,0,4,6,0.41,"Clothing,Shoes & Jewelry",84.87263215072596,3,1,30.99
33,1,1,7,0.36,"Clothing,Shoes & Jewelry",186.9654189790943,1,1,42.88
26,1,6,4,0.48,Beauty & Personal Care,102.65834941964056,2,1,41.86
24,0,1,7,0.48,"Clothing,Shoes & Jewelry",135.6881336340017,1,2,28.86
18,1,3,5,0.38,Home & Kitchen,96.64403158417915,0,0,24.05
17,0,1,4,0.12,Electronics,414.99958081176635,0,0,64.89
31,2,2,7,0.8,Toys & Games,5.419750448597325,3,2,17.92
23,0,4,5,0.1,"Clothing,Shoes & Jewelry",65.80424187343043,1,1,26.56
27,1,1,7,0.04,Home & Kitchen,126.1090978056191,0,0,29.35
19,3,2,6,0.43,Beauty & Personal Care,125.00130379776841,1,1,26.95
29,0,1,5,0.06,"Clothing,Shoes & Jewelry",16.929002017780785,2,1,15.19
33,2,3,5,0.05,Sports & outdoors,235.75719715863002,0,1,56.01
31,1,3,4,0.52,Beauty & Personal Care,56.3000182836861,1,0,29.04
29,0,2,7,0.74,Home & Kitchen,233.62746277154307,0,0,50.07
30,1,4,5,0.48,Home & Kitchen,185.02188230302633,2,1,50.33
23,1,4,7,0.56,Beauty & Personal Care,102.51654190454647,3,2,34.21
27,0,2,9,0.03,Home & Kitchen,21.299501744095,1,1,17.56
28,0,2,12,0.12,"Clothing,Shoes & Jewelry",133.4229472625622,1,3,34.85
27,0,1,6,0.1,Beauty & Personal Care,244.45058917331698,1,0,48.72
38,1,2,7,0.56,"Clothing,Shoes & Jewelry",48.93753659896948,2,1,29.32
27,1,5,3,0.16,"Clothing,Shoes & Jewelry",44.835764402020196,2,1,29.52
18,0,1,8,0.72,"Health, Household & Baby Care",57.28736358286065,1,2,13.09
28,0,1,7,0.05,Beauty & Personal Care,6.90453371456755,0,1,13.57
23,1,3,3,0.3,Beauty & Personal Care,91.3612645920134,0,0,27.9
19,0,5,7,0.46,Toys & Games,133.63921240808222,2,1,37.26
28,3,3,8,0.05,"Clothing,Shoes & Jewelry",98.15326182179186,1,2,31.47
34,0,3,4,0.51,Home & Kitchen,7.889347938811525,0,1,23.13
18,1,2,0,0.35,Beauty & Personal Care,0.6070972615973593,0,0,7.48
22,2,5,5,0.49,"Clothing,Shoes & Jewelry",6.945235012292961,1,1,19.26
23,0,6,6,0.56,Toys & Games,72.04110923084261,2,0,33.82
22,1,0,12,0.26,Sports & outdoors,141.35094705785647,0,0,0.0
37,0,2,11,0.14,"Clothing,Shoes & Jewelry",164.5563028354998,2,1,46.4
15,1,2,4,0.74,"Clothing,Shoes & Jewelry",213.42842068482483,0,0,35.6
14,0,3,3,0.3,"Clothing,Shoes & Jewelry",39.06302005029397,3,2,13.76
28,0,2,3,0.48,Beauty & Personal Care,124.5068552212297,1,1,34.47
25,0,2,12,0.74,"Clothing,Shoes & Jewelry",87.38427053974812,0,0,24.61
18,2,2,5,0.02,"Health, Household & Baby Care",69.84090163437384,2,2,17.99
21,0,2,8,0.3,Pet Supplies,74.55336130055002,0,1,20.52
30,0,6,4,0.64,Beauty & Personal Care,135.07374500076287,0,1,49.07
19,3,1,7,0.06,Home & Kitchen,5.6990147599029255,0,0,4.68
16,0,1,6,0.45,Home & Kitchen,12.24983479773438,1,0,4.64
23,1,5,3,0.41,"Clothing,Shoes & Jewelry",66.75145753455533,2,0,29.58
25,0,2,3,0.47,Beauty & Personal Care,166.15859022257862,2,0,38.77
25,3,0,8,0.79,"Clothing,Shoes & Jewelry",21.564387731431612,1,1,0.0
18,1,1,5,0.5,"Health, Household & Baby Care",12.3481863924996,3,2,6.98
27,0,2,6,0.31,Beauty & Personal Care,41.09414820424456,0,1,20.85
27,1,1,4,0.63,Toys & Games,28.391314489077107,0,0,14.02
29,0,3,12,0.1,Toys & Games,142.08038879160378,1,2,39.9
20,0,3,8,0.04,Toys & Games,155.45407107320452,2,1,35.42
24,0,3,4,0.26,"Health, Household & Baby Care",75.64171771175165,0,0,25.68
23,0,4,13,0.53,"Health, Household & Baby Care",9.229619414404585,3,1,19.52
28,1,2,6,0.52,Beauty & Personal Care,26.48953311645618,1,0,19.35
28,0,4,8,0.61,Beauty & Personal Care,62.75529429353482,1,0,31.09
30,0,2,6,0.5,Toys & Games,102.61694705268113,0,1,30.93
27,1,2,4,0.36,"Clothing,Shoes & Jewelry",87.61634013284771,0,0,25.84
28,0,7,7,0.51,Toys & Games,140.79870772038402,0,1,50.16
26,0,0,6,0.27,"Health, Household & Baby Care",1.7545931276908489,0,2,0.0
28,0,7,4,0.13,"Health, Household & Baby Care",90.47018275261874,2,1,43.99
26,2,4,5,0.75,Beauty & Personal Care,155.90915943597003,0,0,42.43
22,1,5,10,0.52,Beauty & Personal Care,22.749086640808,0,1,23.05
30,0,3,7,0.74,Toys & Games,183.05254511462758,2,1,46.83
26,1,3,4,0.11,"Clothing,Shoes & Jewelry",4.138752317345324,0,1,15.79
27,0,4,7,0.63,Sports & outdoors,51.874417485869145,1,0,27.68
25,0,2,2,0.73,"Clothing,Shoes & Jewelry",40.770851798980814,1,3,18.37
23,1,6,9,0.47,Beauty & Personal Care,149.4683479996934,1,4,46.71
27,0,4,6,0.37,Beauty & Personal Care,95.07720618563643,2,0,35.68
22,0,1,5,0.46,Beauty & Personal Care,323.18434461720506,1,0,56.66
23,1,2,5,0.08,Beauty & Personal Care,278.02260841274216,3,1,54.5
27,2,3,5,0.29,Sports & outdoors,34.48402916496563,1,3,22.0
22,0,4,5,0.3,Office Supplies,1.5231145817822844,1,2,16.06
18,1,1,7,0.6,Toys & Games,214.98628073372217,1,0,35.77
22,1,3,5,0.42,Beauty & Personal Care,229.17301106103503,0,0,47.82
13,0,2,3,0.19,Toys & Games,162.41731586924257,1,3,27.94
26,0,6,7,0.79,Beauty & Personal Care,59.55576288113667,2,0,35.49
30,1,3,9,0.58,"Clothing,Shoes & Jewelry",150.88166985781797,0,1,40.74
35,0,3,6,0.12,"Clothing,Shoes & Jewelry",38.994141768630556,1,1,28.55
24,0,2,6,0.46,"Clothing,Shoes & Jewelry",124.43501957466715,2,1,30.46
33,0,2,7,0.48,"Health, Household & Baby Care",154.5896426399069,1,0,41.7
33,0,6,5,0.06,Electronics,41.04955394336514,1,2,36.58
29,0,4,5,0.08,"Health, Household & Baby Care",246.08940807927965,0,0,58.06
16,0,2,3,0.03,"Health, Household & Baby Care",62.002944976742754,0,0,14.68
30,3,0,6,0.31,"Health, Household & Baby Care",69.79279138899251,2,1,0.0
17,1,1,9,0.49,Beauty & Personal Care,52.98317610831173,0,1,11.83
26,0,3,2,0.19,Home & Kitchen,42.35280688805681,1,1,22.82
27,1,5,6,0.37,Beauty & Personal Care,326.9649757857441,1,0,72.72
18,0,2,10,0.15,Home & Kitchen,217.1782837842523,0,0,39.57
22,1,0,6,0.47,Beauty & Personal Care,2.1739103892072364,1,0,0.0
22,0,6,4,0.09,Home & Kitchen,54.43372826688942,0,2,30.39
26,0,3,8,0.22,Toys & Games,198.0302727884043,0,1,45.35
23,0,1,6,0.48,"Clothing,Shoes & Jewelry",188.19351001076856,1,3,36.12
32,0,4,4,0.08,Home & Kitchen,318.6741332271321,0,1,71.38
23,1,2,5,0.38,Beauty & Personal Care,75.19275477822771,1,0,22.93
24,2,2,4,0.03,Toys & Games,27.89934529803479,1,0,15.03
27,1,7,2,0.77,Beauty & Personal Care,38.364264321300475,0,0,34.8
25,1,1,6,0.62,Toys & Games,28.929481073222767,0,2,12.94
29,1,4,3,0.05,"Clothing,Shoes & Jewelry",41.881734095042304,0,0,26.56
23,0,2,7,0.22,"Clothing,Shoes & Jewelry",56.26631561528315,2,1,19.57
30,0,4,4,0.17,"Clothing,Shoes & Jewelry",141.77097885136868,0,2,42.87
23,0,4,4,0.58,"Health, Household & Baby Care",246.060742296531,1,1,53.99
26,1,2,5,0.33,"Clothing,Shoes & Jewelry",40.54139025886148,0,1,18.2
30,1,1,5,0.23,Beauty & Personal Care,52.695627108260766,1,5,22.6
36,1,1,3,0.72,"Clothing,Shoes & Jewelry",5.141715957646535,1,1,17.69
27,0,1,7,0.4,Home & Kitchen,358.60578218645446,0,0,64.42
25,0,2,6,0.62,Electronics,283.4924791987491,0,3,54.5
20,1,4,3,0.27,Home & Kitchen,56.74302607229772,0,1,22.72
15,1,4,5,0.26,Home & Kitchen,35.65820955783251,0,0,15.69
22,1,2,4,0.64,Beauty & Personal Care,56.737573477947066,1,1,19.47
20,1,3,10,0.55,Sports & outdoors,37.67181144693928,2,1,17.67
28,1,2,2,0.69,Toys & Games,166.87681524146592,0,0,38.5
25,3,4,9,0.04,"Clothing,Shoes & Jewelry",33.04342947266939,1,0,22.17
29,2,3,10,0.52,Electronics,25.422762828676756,1,0,21.28
19,0,2,9,0.32,Beauty & Personal Care,279.27937484848115,2,0,51.37
17,1,1,7,0.49,"Health, Household & Baby Care",55.36838357478837,0,2,11.36
28,1,3,0,0.44,"Clothing,Shoes & Jewelry",67.89812403070019,0,2,26.85
26,1,3,4,0.4,Toys & Games,119.43308935527153,1,2,33.75
23,1,4,6,0.7,"Clothing,Shoes & Jewelry",11.577924457549988,3,0,18.71
28,0,1,5,0.56,Home & Kitchen,16.492060710975096,1,1,14.37
19,2,2,6,0.18,Toys & Games,7.312067510981868,1,1,8.33
29,1,1,0,0.41,"Health, Household & Baby Care",28.123991391729078,0,4,16.49
31,0,4,6,0.42,Toys & Games,23.953866676244274,0,2,26.05
32,0,1,5,0.29,Toys & Games,18.020491766553263,1,1,17.23
22,1,1,5,0.73,Home & Kitchen,29.589933841211398,0,0,10.89
24,1,3,5,0.54,Home & Kitchen,241.3226284113718,0,0,50.2
28,1,1,4,0.56,Sports & outdoors,55.31485999677827,0,0,19.18
32,0,3,6,0.08,Home & Kitchen,29.04705336704089,0,1,24.97
26,0,1,4,0.33,"Clothing,Shoes & Jewelry",34.704759759129004,1,3,15.36
29,0,3,6,0.53,"Clothing,Shoes & Jewelry",2.02655424597189,1,2,18.53
24,1,2,7,0.56,Toys & Games,5.852774668081025,2,1,12.51
22,0,1,4,0.4,Toys & Games,68.89576572116043,3,2,18.37
21,3,6,11,0.37,Electronics,352.3273764349368,2,0,73.52
28,0,1,4,0.23,"Clothing,Shoes & Jewelry",24.0164806225434,2,1,15.44
28,0,6,5,0.21,Beauty & Personal Care,48.60713490088468,2,1,35.65
23,0,0,3,0.11,Home & Kitchen,165.31458106621722,2,2,0.0
26,0,3,2,0.59,Beauty & Personal Care,188.35722462137414,1,0,45.35
27,0,2,4,0.2,Toys & Games,153.60322991595532,0,0,36.23
31,0,2,3,0.1,Home & Kitchen,58.80431148180652,2,2,26.68
26,0,2,3,0.73,Toys & Games,34.07668695503514,0,0,17.38
20,0,1,5,0.4,Beauty & Personal Care,2.0042624998622793,1,0,7.0
25,0,0,5,0.01,"Clothing,Shoes & Jewelry",81.40991087830879,0,2,0.0
26,0,4,3,0.51,Toys & Games,72.57723349754468,2,0,30.12
22,1,0,5,0.05,Toys & Games,87.18503438814791,5,1,0.0
16,1,2,8,0.44,Toys & Games,381.5883062144373,2,1,62.92
28,1,3,7,0.43,Electronics,8.145140853270227,1,2,18.52
14,0,2,7,0.19,Beauty & Personal Care,276.99729394086046,0,0,46.39
35,0,3,10,0.12,Toys & Games,93.17975748034321,1,1,36.88
25,1,4,3,0.61,Toys & Games,48.6087943864411,1,1,25.15
30,1,5,5,0.53,Toys & Games,204.5337808718606,3,0,56.09
17,0,4,3,0.6,Home & Kitchen,50.97639432387744,1,3,20.55
25,1,2,10,0.78,Toys & Games,99.31953165752634,2,1,27.26
24,0,5,8,0.02,Home & Kitchen,121.22166165970503,0,1,38.84
20,1,4,3,0.11,Toys & Games,88.93879202731353,1,0,27.45
20,0,3,5,0.68,Electronics,64.0279214146193,1,2,21.09
28,0,3,1,0.27,Beauty & Personal Care,218.20616378856488,2,1,52.01
20,1,2,8,0.5,Beauty & Personal Care,416.6393366633684,3,1,72.96
27,1,4,3,0.63,Electronics,190.3124178391906,1,2,47.97
22,1,1,5,0.38,Electronics,85.47891307464621,0,2,19.15
22,1,4,8,0.15,Toys & Games,3.4398374457858356,0,0,15.73
27,1,4,11,0.05,"Clothing,Shoes & Jewelry",52.79366817211103,0,0,26.81
21,2,3,3,0.23,"Health, Household & Baby Care",13.762196338306449,1,1,14.14
23,0,4,3,0.36,"Clothing,Shoes & Jewelry",88.663493634451,0,2,29.58
30,1,0,7,0.02,Toys & Games,112.5378915418511,0,2,0.0
22,0,10,6,0.22,Electronics,38.16378878437831,2,1,40.17
26,1,2,3,0.72,Toys & Games,118.60252207625528,1,1,30.36
27,1,3,2,0.39,Toys & Games,52.37594287179104,1,1,24.26
26,0,3,2,0.66,"Health, Household & Baby Care",111.70313622672126,0,2,32.74
28,1,0,7,0.22,Toys & Games,225.22947687105338,0,1,0.0
26,2,5,1,0.37,Toys & Games,47.3538854782459,0,2,28.15
25,0,0,9,0.56,Beauty & Personal Care,15.256299031098434,0,1,0.0
27,1,3,9,0.48,"Clothing,Shoes & Jewelry",79.37123658796462,1,0,28.09
30,1,5,3,0.59,Beauty & Personal Care,387.13673368257986,0,0,83.43
21,0,6,5,0.49,Beauty & Personal Care,357.0073777587451,2,3,76.87
29,0,2,1,0.18,Toys & Games,60.02457819078362,0,3,24.11
20,0,2,3,0.43,Toys & Games,61.98972269273414,0,2,17.46
28,1,1,6,0.3,Beauty & Personal Care,56.1045857646485,1,1,21.01
28,0,2,9,0.17,Electronics,32.21920762277164,0,0,18.78
21,0,1,5,0.04,Beauty & Personal Care,13.291167458572293,0,0,9.1
19,0,2,7,0.17,Beauty & Personal Care,26.29087156777696,1,0,12.99
32,0,4,5,0.27,Beauty & Personal Care,211.70357863681326,0,0,56.04
22,2,3,5,0.75,Toys & Games,101.20166607538565,0,3,27.32
26,0,3,2,0.7,"Clothing,Shoes & Jewelry",22.877789763639125,0,1,18.69
25,1,2,5,0.47,Home & Kitchen,119.53479653916229,1,1,30.31
33,1,6,10,0.55,"Health, Household & Baby Care",39.75274653690222,1,1,36.35
19,4,3,6,0.42,"Health, Household & Baby Care",61.043801585972375,0,0,18.52
23,0,7,2,0.38,Beauty & Personal Care,212.4870359392389,0,1,58.48
22,3,1,2,0.77,Beauty & Personal Care,16.76119300887139,0,0,9.21
26,0,1,4,0.6,"Clothing,Shoes & Jewelry",83.05308074949659,1,1,22.23
23,0,6,3,0.75,Toys & Games,60.20894626835157,0,1,31.19
36,1,1,7,0.03,Toys & Games,313.7523035390783,1,1,64.4
22,1,2,6,0.49,Home & Kitchen,160.77451209117297,0,1,33.8
22,0,3,6,0.59,"Clothing,Shoes & Jewelry",200.67556966341618,2,0,43.21
33,1,2,3,0.34,Beauty & Personal Care,295.56883809666766,2,1,64.07
24,1,2,3,0.69,Beauty & Personal Care,472.53871861851877,0,1,82.86
20,2,5,4,0.35,Home & Kitchen,7.191456318947217,0,1,17.98
23,1,1,6,0.27,"Clothing,Shoes & Jewelry",108.39429050626944,0,2,23.31
8,0,2,6,0.36,Toys & Games,58.20890749290165,0,2,7.96
31,0,4,2,0.31,"Clothing,Shoes & Jewelry",153.94649505129715,0,1,45.22
22,0,2,5,0.73,Home & Kitchen,36.852071510737346,0,0,15.28
20,0,3,5,0.33,"Clothing,Shoes & Jewelry",257.525546745923,2,1,50.45
25,0,5,5,0.5,Toys & Games,37.57733048830089,0,4,26.85
19,2,2,8,0.69,"Clothing,Shoes & Jewelry",160.98589621920254,1,3,31.4
24,0,2,7,0.74,Beauty & Personal Care,81.09378350942303,0,1,24.49
18,0,5,10,0.67,Sports & outdoors,10.012356405499794,3,0,18.59
34,0,2,6,0.12,"Health, Household & Baby Care",112.58669248625115,1,0,36.24
30,2,2,6,0.77,Beauty & Personal Care,29.039820897275128,0,1,20.56
38,3,3,4,0.26,Beauty & Personal Care,6.6895565465213735,1,0,26.33
23,1,3,7,0.45,Home & Kitchen,527.7930166271655,2,1,93.53
19,1,3,10,0.25,Beauty & Personal Care,544.5165567462062,1,0,93.45
32,0,3,6,0.09,"Health, Household & Baby Care",70.28077276532058,3,2,32.6
32,1,5,5,0.6,"Clothing,Shoes & Jewelry",16.549161763577676,0,4,28.47
26,1,2,10,0.46,Beauty & Personal Care,40.61980276415192,1,0,20.05
26,0,4,4,0.68,Sports & outdoors,261.95828623934847,1,2,58.69
24,3,3,10,0.76,Home & Kitchen,373.33997658249416,1,0,69.87
32,0,4,2,0.41,"Clothing,Shoes & Jewelry",53.71492049620273,1,1,31.36
34,0,2,5,0.05,"Clothing,Shoes & Jewelry",17.760327469746272,0,1,21.17
26,2,1,5,0.39,"Clothing,Shoes & Jewelry",43.08711352869369,3,1,16.61
19,1,4,7,0.2,Home & Kitchen,222.9117119639052,0,0,46.82
18,0,2,5,0.37,Home & Kitchen,28.671306110756127,0,0,11.16
28,1,4,2,0.52,Beauty & Personal Care,2.7669264297639606,1,1,21.88
25,0,2,6,0.61,Electronics,30.245350933073677,1,2,16.81
16,0,3,1,0.59,Beauty & Personal Care,324.8650416151583,1,2,58.61
24,1,2,7,0.79,Beauty & Personal Care,199.67771007315307,1,2,42.56
36,1,4,5,0.08,Home & Kitchen,417.2761267503891,0,0,88.74
33,1,3,4,0.71,"Clothing,Shoes & Jewelry",135.88342523036783,3,1,41.97
30,0,3,6,0.56,Toys & Games,25.353874723997944,4,2,24.27
24,0,2,6,0.23,Toys & Games,15.188555881589512,2,1,14.29
22,0,1,6,0.35,Toys & Games,83.38302832609088,0,0,18.94
24,1,2,5,0.08,"Clothing,Shoes & Jewelry",66.8764713719876,1,1,21.18
21,0,1,6,0.59,"Health, Household & Baby Care",29.31989999912114,2,0,11.31
25,0,4,8,0.07,"Health, Household & Baby Care",290.1433873823829,0,1,61.87
30,2,1,12,0.07,"Health, Household & Baby Care",4.519629382456462,0,0,13.08
22,0,1,2,0.31,"Clothing,Shoes & Jewelry",69.41499170820049,0,1,16.79
28,2,1,6,0.3,Beauty & Personal Care,9.860107169359635,0,0,13.17
29,0,3,6,0.73,Toys & Games,417.39110635454324,2,3,81.52
24,1,4,1,0.42,Home & Kitchen,459.0893898373102,2,0,86.75
31,1,3,4,0.65,Toys & Games,52.33323415345354,2,0,27.51
25,2,3,9,0.55,Home & Kitchen,0.17594305632969845,0,1,14.69
34,1,4,3,0.06,"Health, Household & Baby Care",34.13145379274694,0,3,30.14
29,2,2,9,0.3,Beauty & Personal Care,96.57608336315862,0,1,30.12
28,0,2,7,0.17,"Clothing,Shoes & Jewelry",197.59662010522305,0,2,43.79
19,0,4,4,0.16,"Clothing,Shoes & Jewelry",64.08389012332964,1,1,23.27
24,1,1,4,0.3,"Health, Household & Baby Care",25.19019599544294,0,1,11.95
23,1,1,4,0.63,Beauty & Personal Care,5.663557159822897,0,1,9.11
32,0,0,2,0.42,Electronics,66.74282966132212,4,1,0.0
26,0,1,3,0.73,"Health, Household & Baby Care",211.516896268517,1,0,41.85
30,0,1,7,0.01,Toys & Games,21.94367728197301,1,2,16.59
23,0,3,2,0.52,Toys & Games,214.1093511951887,0,1,45.33
23,0,2,2,0.16,"Clothing,Shoes & Jewelry",5.9928674560755075,0,0,10.92
23,3,2,5,0.67,"Clothing,Shoes & Jewelry",18.915916947932775,0,0,11.85
28,1,2,6,0.14,Toys & Games,46.907420310242046,2,1,21.78
28,0,2,2,0.6,"Clothing,Shoes & Jewelry",29.573372796690823,1,1,18.68
27,3,3,6,0.67,Beauty & Personal Care,58.03658635215953,2,1,26.29
21,0,6,3,0.54,"Health, Household & Baby Care",2.3030235650124373,0,1,21.48
31,0,3,8,0.13,"Clothing,Shoes & Jewelry",8.739042525991726,1,2,21.18
17,3,0,5,0.49,Toys & Games,105.20041422646241,1,0,0.0
30,1,5,6,0.65,Toys & Games,11.043445094039269,1,1,26.29
26,1,2,3,0.28,"Clothing,Shoes & Jewelry",57.7660667107522,0,0,20.62
34,0,1,5,0.14,"Clothing,Shoes & Jewelry",246.86824415883672,0,1,52.51
32,1,4,1,0.01,Beauty & Personal Care,43.06808950059606,0,0,30.47
25,0,2,6,0.36,Toys & Games,72.4907324307721,0,0,22.55
27,2,5,2,0.44,Beauty & Personal Care,12.063741481897148,0,1,24.8
22,0,4,6,0.61,"Clothing,Shoes & Jewelry",262.0970273216379,0,1,54.66
17,0,3,2,0.09,Toys & Games,19.74740123944584,2,1,12.71
22,0,3,8,0.01,"Clothing,Shoes & Jewelry",155.17054068967076,2,0,36.59
17,1,2,1,0.19,"Clothing,Shoes & Jewelry",190.83484207327737,1,1,34.43
12,1,1,6,0.34,Beauty & Personal Care,17.303735893544932,0,1,2.73
22,2,4,7,0.12,Beauty & Personal Care,153.53034497146726,0,2,39.59
23,1,3,6,0.78,"Clothing,Shoes & Jewelry",225.4718640677746,2,1,47.47
34,1,2,6,0.76,Toys & Games,5.03110750415647,0,2,19.06
19,1,1,3,0.55,"Clothing,Shoes & Jewelry",357.5708980264375,1,0,57.71
22,4,2,7,0.67,"Clothing,Shoes & Jewelry",62.30212484315264,4,2,19.44
23,0,3,7,0.54,"Health, Household & Baby Care",317.84277929778455,0,2,61.52
27,0,3,4,0.74,Beauty & Personal Care,192.13438535177457,3,1,47.7
27,0,3,4,0.49,Sports & outdoors,64.9467334385656,0,1,26.34
20,1,3,9,0.44,Beauty & Personal Care,214.1451164091616,0,0,44.12
29,0,1,5,0.17,Toys & Games,52.79487613594597,4,1,21.59
24,1,3,12,0.66,Home & Kitchen,263.55791229455804,3,2,55.26
29,1,4,5,0.06,Toys & Games,77.82541675578419,0,0,32.12
25,1,3,6,0.19,Beauty & Personal Care,57.08020028224514,1,0,24.79
29,0,1,4,0.69,Electronics,103.37464197113067,0,0,26.98
25,1,5,1,0.43,"Clothing,Shoes & Jewelry",201.42338080496953,4,0,52.14
22,3,2,2,0.12,"Health, Household & Baby Care",53.74955252085374,2,0,17.9
34,0,2,4,0.75,"Health, Household & Baby Care",219.53635169272602,1,0,52.06
24,1,1,2,0.01,Beauty & Personal Care,14.514762145455824,0,1,11.35
26,0,3,7,0.42,"Clothing,Shoes & Jewelry",35.825923315643074,1,2,21.4
25,1,2,5,0.44,Home & Kitchen,50.96604294609115,0,0,19.43
27,1,4,6,0.15,"Clothing,Shoes & Jewelry",113.40906644416263,0,3,36.25
28,1,4,7,0.33,Beauty & Personal Care,60.067434099820346,3,1,31.51
24,1,4,2,0.56,Beauty & Personal Care,397.32760004275025,0,1,77.6
30,0,4,6,0.3,Electronics,95.31442405068645,0,1,35.81
25,1,2,8,0.06,Beauty & Personal Care,162.48035876238214,0,0,37.22
19,2,2,4,0.55,"Clothing,Shoes & Jewelry",70.36356076236632,2,1,17.94
27,1,3,8,0.0,Electronics,22.90864822684058,0,2,19.67
21,1,1,6,0.67,"Health, Household & Baby Care",57.01991344143388,0,2,14.54
32,0,3,8,0.02,Beauty & Personal Care,37.93981034939876,0,0,27.1
25,1,1,2,0.24,Electronics,4.94802702128775,0,0,9.02
27,2,1,4,0.78,"Clothing,Shoes & Jewelry",85.25523623285082,0,1,22.21
20,4,0,8,0.19,"Clothing,Shoes & Jewelry",93.27039736503004,1,1,0.0
29,2,5,7,0.58,Beauty & Personal Care,25.843375450486825,1,1,28.85
24,1,6,2,0.8,Toys & Games,13.022617155793439,2,1,25.44
25,0,3,12,0.59,Office Supplies,51.238886723634195,0,2,22.34
28,1,0,2,0.51,Home & Kitchen,65.4236608004215,2,0,0.0
28,1,4,7,0.58,Home & Kitchen,48.96663954620171,3,1,28.87
22,2,3,7,0.12,"Clothing,Shoes & Jewelry",286.17059044776147,0,2,54.99
29,2,4,4,0.46,Electronics,10.421119851342366,0,0,21.5
18,0,1,6,0.54,"Clothing,Shoes & Jewelry",254.44798495007137,4,1,43.34
23,0,1,9,0.12,"Clothing,Shoes & Jewelry",209.0723586586044,2,2,39.7
31,0,5,8,0.01,Toys & Games,10.982876413760348,1,1,27.56
23,0,2,8,0.37,Sports & outdoors,8.916167658093986,1,0,12.33
36,0,4,3,0.18,Beauty & Personal Care,52.89446865997224,1,2,35.97
19,2,4,7,0.47,"Health, Household & Baby Care",49.17466551684772,0,0,20.34
20,0,2,7,0.11,Beauty & Personal Care,78.05386284008723,1,0,21.52
21,1,1,10,0.26,Toys & Games,51.70453660561713,2,0,14.12
11,1,5,6,0.58,"Clothing,Shoes & Jewelry",105.14941205050219,1,1,26.03
32,0,8,4,0.1,Beauty & Personal Care,167.28252674986146,2,1,62.47
